{
  "France": { "Continent":"Europe", "Province/State":"", "Lat":46.603354, "Long":1.8883335, "1/21/20 22:00":0, "1/22/20 12:00":0, "1/23/20 12:00":0, "1/24/20 0:00":0, "1/24/20 12:00":2, "1/25/20 0:00":3, "1/25/20 12:00":3, "1/25/20 22:00":3, "1/26/20 11:00":3, "1/26/20 23:00":3, "1/27/20 9:00":3, "1/27/20 19:00":3, "1/27/20 20:30":3, "1/28/20 13:00":3, "1/28/20 18:00":4, "1/28/20 23:00":4, "1/29/20 13:30":4, "1/29/20 14:30":5, "1/29/20 21:00":5, "1/30/20 11:00":5, "1/31/20 14:00":5, "2/1/20 10:00":6, "2/2/20 21:00":6, "2/3/20 21:00":6, "2/4/20 9:40":6, "2/4/20 22:00":6, "2/5/20 9:00":6, "2/5/20 23:00":6, "2/6/20 9:00":6, "2/6/20 14:20":6, "2/7/20 20:13":6, "2/7/20 22:50":6, "2/8/20 22:04":11, "2/8/20 23:04":11, "2/9/20 10:30":11, "2/9/20 23:20":11},
  "Germany": { "Continent":"Europe", "Province/State":"", "Lat":51.0834196, "Long":10.4234469, "1/21/20 22:00":0, "1/22/20 12:00":0, "1/23/20 12:00":0, "1/24/20 0:00":0, "1/24/20 12:00":0, "1/25/20 0:00":0, "1/25/20 12:00":0, "1/25/20 22:00":0, "1/26/20 11:00":0, "1/26/20 23:00":0, "1/27/20 9:00":0, "1/27/20 19:00":0, "1/27/20 20:30":1, "1/28/20 13:00":1, "1/28/20 18:00":4, "1/28/20 23:00":4, "1/29/20 13:30":4, "1/29/20 14:30":4, "1/29/20 21:00":4, "1/30/20 11:00":4, "1/31/20 14:00":5, "2/1/20 10:00":7, "2/2/20 21:00":10, "2/3/20 21:00":10, "2/4/20 9:40":12, "2/4/20 22:00":12, "2/5/20 9:00":12, "2/5/20 23:00":12, "2/6/20 9:00":12, "2/6/20 14:20":12, "2/7/20 20:13":13, "2/7/20 22:50":13, "2/8/20 22:04":13, "2/8/20 23:04":13, "2/9/20 10:30":14, "2/9/20 23:20":14},
  "Finland": { "Continent":"Europe", "Province/State":"", "Lat":63.2467777, "Long":25.9209164, "1/21/20 22:00":0, "1/22/20 12:00":0, "1/23/20 12:00":0, "1/24/20 0:00":0, "1/24/20 12:00":0, "1/25/20 0:00":0, "1/25/20 12:00":0, "1/25/20 22:00":0, "1/26/20 11:00":0, "1/26/20 23:00":0, "1/27/20 9:00":0, "1/27/20 19:00":0, "1/27/20 20:30":0, "1/28/20 13:00":0, "1/28/20 18:00":0, "1/28/20 23:00":0, "1/29/20 13:30":1, "1/29/20 14:30":1, "1/29/20 21:00":1, "1/30/20 11:00":1, "1/31/20 14:00":1, "2/1/20 10:00":1, "2/2/20 21:00":1, "2/3/20 21:00":1, "2/4/20 9:40":1, "2/4/20 22:00":1, "2/5/20 9:00":1, "2/5/20 23:00":1, "2/6/20 9:00":1, "2/6/20 14:20":1, "2/7/20 20:13":1, "2/7/20 22:50":1, "2/8/20 22:04":1, "2/8/20 23:04":1, "2/9/20 10:30":1, "2/9/20 23:20":1},
  "Italy": { "Continent":"Europe", "Province/State":"", "Lat":42.6384261, "Long":12.674297, "1/21/20 22:00":0, "1/22/20 12:00":0, "1/23/20 12:00":0, "1/24/20 0:00":0, "1/24/20 12:00":0, "1/25/20 0:00":0, "1/25/20 12:00":0, "1/25/20 22:00":0, "1/26/20 11:00":0, "1/26/20 23:00":0, "1/27/20 9:00":0, "1/27/20 19:00":0, "1/27/20 20:30":0, "1/28/20 13:00":0, "1/28/20 18:00":0, "1/28/20 23:00":0, "1/29/20 13:30":0, "1/29/20 14:30":0, "1/29/20 21:00":0, "1/30/20 11:00":0, "1/31/20 14:00":2, "2/1/20 10:00":2, "2/2/20 21:00":2, "2/3/20 21:00":2, "2/4/20 9:40":2, "2/4/20 22:00":2, "2/5/20 9:00":2, "2/5/20 23:00":2, "2/6/20 9:00":2, "2/6/20 14:20":2, "2/7/20 20:13":3, "2/7/20 22:50":3, "2/8/20 22:04":3, "2/8/20 23:04":3, "2/9/20 10:30":3, "2/9/20 23:20":3},
  "Russia": { "Continent":"Europe", "Province/State":"", "Lat":55.76158905029297, "Long":37.609458923339844, "1/21/20 22:00":0, "1/22/20 12:00":0, "1/23/20 12:00":0, "1/24/20 0:00":0, "1/24/20 12:00":0, "1/25/20 0:00":0, "1/25/20 12:00":0, "1/25/20 22:00":0, "1/26/20 11:00":0, "1/26/20 23:00":0, "1/27/20 9:00":0, "1/27/20 19:00":0, "1/27/20 20:30":0, "1/28/20 13:00":0, "1/28/20 18:00":0, "1/28/20 23:00":0, "1/29/20 13:30":0, "1/29/20 14:30":0, "1/29/20 21:00":0, "1/30/20 11:00":0, "1/31/20 14:00":2, "2/1/20 10:00":2, "2/2/20 21:00":2, "2/3/20 21:00":2, "2/4/20 9:40":2, "2/4/20 22:00":2, "2/5/20 9:00":2, "2/5/20 23:00":2, "2/6/20 9:00":2, "2/6/20 14:20":2, "2/7/20 20:13":2, "2/7/20 22:50":2, "2/8/20 22:04":2, "2/8/20 23:04":2, "2/9/20 10:30":2, "2/9/20 23:20":2},
  "Sweden": { "Continent":"Europe", "Province/State":"", "Lat":59.6749712, "Long":14.5208584, "1/21/20 22:00":0, "1/22/20 12:00":0, "1/23/20 12:00":0, "1/24/20 0:00":0, "1/24/20 12:00":0, "1/25/20 0:00":0, "1/25/20 12:00":0, "1/25/20 22:00":0, "1/26/20 11:00":0, "1/26/20 23:00":0, "1/27/20 9:00":0, "1/27/20 19:00":0, "1/27/20 20:30":0, "1/28/20 13:00":0, "1/28/20 18:00":0, "1/28/20 23:00":0, "1/29/20 13:30":0, "1/29/20 14:30":0, "1/29/20 21:00":0, "1/30/20 11:00":0, "1/31/20 14:00":1, "2/1/20 10:00":1, "2/2/20 21:00":1, "2/3/20 21:00":1, "2/4/20 9:40":1, "2/4/20 22:00":1, "2/5/20 9:00":1, "2/5/20 23:00":1, "2/6/20 9:00":1, "2/6/20 14:20":1, "2/7/20 20:13":1, "2/7/20 22:50":1, "2/8/20 22:04":1, "2/8/20 23:04":1, "2/9/20 10:30":1, "2/9/20 23:20":1},
  "Spain": { "Continent":"Europe", "Province/State":"", "Lat":39.3262345, "Long":-4.8380649, "1/21/20 22:00":0, "1/22/20 12:00":0, "1/23/20 12:00":0, "1/24/20 0:00":0, "1/24/20 12:00":0, "1/25/20 0:00":0, "1/25/20 12:00":0, "1/25/20 22:00":0, "1/26/20 11:00":0, "1/26/20 23:00":0, "1/27/20 9:00":0, "1/27/20 19:00":0, "1/27/20 20:30":0, "1/28/20 13:00":0, "1/28/20 18:00":0, "1/28/20 23:00":0, "1/29/20 13:30":0, "1/29/20 14:30":0, "1/29/20 21:00":0, "1/30/20 11:00":0, "1/31/20 14:00":0, "2/1/20 10:00":1, "2/2/20 21:00":1, "2/3/20 21:00":1, "2/4/20 9:40":1, "2/4/20 22:00":1, "2/5/20 9:00":1, "2/5/20 23:00":1, "2/6/20 9:00":1, "2/6/20 14:20":1, "2/7/20 20:13":1, "2/7/20 22:50":1, "2/8/20 22:04":1, "2/8/20 23:04":1, "2/9/20 10:30":1, "2/9/20 23:20":2},
  "Belgium": { "Continent":"Europe", "Province/State":"", "Lat":50.6402809, "Long":4.6667145, "1/21/20 22:00":0, "1/22/20 12:00":0, "1/23/20 12:00":0, "1/24/20 0:00":0, "1/24/20 12:00":0, "1/25/20 0:00":0, "1/25/20 12:00":0, "1/25/20 22:00":0, "1/26/20 11:00":0, "1/26/20 23:00":0, "1/27/20 9:00":0, "1/27/20 19:00":0, "1/27/20 20:30":0, "1/28/20 13:00":0, "1/28/20 18:00":0, "1/28/20 23:00":0, "1/29/20 13:30":0, "1/29/20 14:30":0, "1/29/20 21:00":0, "1/30/20 11:00":0, "1/31/20 14:00":0, "2/1/20 10:00":0, "2/2/20 21:00":0, "2/3/20 21:00":0, "2/4/20 9:40":1, "2/4/20 22:00":1, "2/5/20 9:00":1, "2/5/20 23:00":1, "2/6/20 9:00":1, "2/6/20 14:20":1, "2/7/20 20:13":1, "2/7/20 22:50":1, "2/8/20 22:04":1, "2/8/20 23:04":1, "2/9/20 10:30":1, "2/9/20 23:20":1},
  "United Kingdom": { "Continent":"Europe", "Province/State":"", "Lat":54.7023545, "Long":-3.2765753, "1/21/20 22:00":0, "1/22/20 12:00":0, "1/23/20 12:00":0, "1/24/20 0:00":0, "1/24/20 12:00":0, "1/25/20 0:00":0, "1/25/20 12:00":0, "1/25/20 22:00":0, "1/26/20 11:00":0, "1/26/20 23:00":0, "1/27/20 9:00":0, "1/27/20 19:00":0, "1/27/20 20:30":0, "1/28/20 13:00":0, "1/28/20 18:00":0, "1/28/20 23:00":0, "1/29/20 13:30":0, "1/29/20 14:30":0, "1/29/20 21:00":0, "1/30/20 11:00":0, "1/31/20 14:00":2, "2/1/20 10:00":2, "2/2/20 21:00":2, "2/3/20 21:00":2, "2/4/20 9:40":2, "2/4/20 22:00":2, "2/5/20 9:00":2, "2/5/20 23:00":2, "2/6/20 9:00":2, "2/6/20 14:20":2, "2/7/20 20:13":3, "2/7/20 22:50":3, "2/8/20 22:04":3, "2/8/20 23:04":3, "2/9/20 10:30":3, "2/9/20 23:20":3}
}