{
  "France": { "Continent":"Europe", "Province/State":"", "Lat":46.603354, "Long":1.8883335, "1/22/20":0, "1/23/20":0, "1/24/20":2, "1/25/20":3, "1/26/20":3, "1/27/20":3, "1/28/20":4, "1/29/20":5, "1/30/20":5, "1/31/20":5, "2/1/20":6, "2/2/20":6, "2/3/20":6, "2/4/20":6, "2/5/20":6, "2/6/20":6, "2/7/20":6, "2/8/20":11, "2/9/20":11, "2/10/20":11, "2/11/20":11, "2/12/20":11, "2/13/20":11, "2/14/20":11, "2/15/20":12, "2/16/20":12, "2/17/20":12, "2/18/20":12},
  "Germany": { "Continent":"Europe", "Province/State":"", "Lat":51.0834196, "Long":10.4234469, "1/22/20":0, "1/23/20":0, "1/24/20":0, "1/25/20":0, "1/26/20":0, "1/27/20":1, "1/28/20":4, "1/29/20":4, "1/30/20":4, "1/31/20":5, "2/1/20":8, "2/2/20":10, "2/3/20":12, "2/4/20":12, "2/5/20":12, "2/6/20":12, "2/7/20":13, "2/8/20":13, "2/9/20":14, "2/10/20":14, "2/11/20":16, "2/12/20":16, "2/13/20":16, "2/14/20":16, "2/15/20":16, "2/16/20":16, "2/17/20":16, "2/18/20":16},
  "Finland": { "Continent":"Europe", "Province/State":"", "Lat":63.2467777, "Long":25.9209164, "1/22/20":0, "1/23/20":0, "1/24/20":0, "1/25/20":0, "1/26/20":0, "1/27/20":0, "1/28/20":0, "1/29/20":1, "1/30/20":1, "1/31/20":1, "2/1/20":1, "2/2/20":1, "2/3/20":1, "2/4/20":1, "2/5/20":1, "2/6/20":1, "2/7/20":1, "2/8/20":1, "2/9/20":1, "2/10/20":1, "2/11/20":1, "2/12/20":1, "2/13/20":1, "2/14/20":1, "2/15/20":1, "2/16/20":1, "2/17/20":1, "2/18/20":1},
  "Italy": { "Continent":"Europe", "Province/State":"", "Lat":42.6384261, "Long":12.674297, "1/22/20":0, "1/23/20":0, "1/24/20":0, "1/25/20":0, "1/26/20":0, "1/27/20":0, "1/28/20":0, "1/29/20":0, "1/30/20":0, "1/31/20":2, "2/1/20":2, "2/2/20":2, "2/3/20":2, "2/4/20":2, "2/5/20":2, "2/6/20":2, "2/7/20":3, "2/8/20":3, "2/9/20":3, "2/10/20":3, "2/11/20":3, "2/12/20":3, "2/13/20":3, "2/14/20":3, "2/15/20":3, "2/16/20":3, "2/17/20":3, "2/18/20":3},
  "United Kingdom": { "Continent":"Europe", "Province/State":"", "Lat":54.7023545, "Long":-3.2765753, "1/22/20":0, "1/23/20":0, "1/24/20":0, "1/25/20":0, "1/26/20":0, "1/27/20":0, "1/28/20":0, "1/29/20":0, "1/30/20":0, "1/31/20":2, "2/1/20":2, "2/2/20":2, "2/3/20":2, "2/4/20":2, "2/5/20":2, "2/6/20":2, "2/7/20":3, "2/8/20":3, "2/9/20":3, "2/10/20":8, "2/11/20":8, "2/12/20":9, "2/13/20":9, "2/14/20":9, "2/15/20":9, "2/16/20":9, "2/17/20":9, "2/18/20":9},
  "Russia": { "Continent":"Europe", "Province/State":"", "Lat":55.76158905029297, "Long":37.609458923339844, "1/22/20":0, "1/23/20":0, "1/24/20":0, "1/25/20":0, "1/26/20":0, "1/27/20":0, "1/28/20":0, "1/29/20":0, "1/30/20":0, "1/31/20":2, "2/1/20":2, "2/2/20":2, "2/3/20":2, "2/4/20":2, "2/5/20":2, "2/6/20":2, "2/7/20":2, "2/8/20":2, "2/9/20":2, "2/10/20":2, "2/11/20":2, "2/12/20":2, "2/13/20":2, "2/14/20":2, "2/15/20":2, "2/16/20":2, "2/17/20":2, "2/18/20":2},
  "Sweden": { "Continent":"Europe", "Province/State":"", "Lat":59.6749712, "Long":14.5208584, "1/22/20":0, "1/23/20":0, "1/24/20":0, "1/25/20":0, "1/26/20":0, "1/27/20":0, "1/28/20":0, "1/29/20":0, "1/30/20":0, "1/31/20":1, "2/1/20":1, "2/2/20":1, "2/3/20":1, "2/4/20":1, "2/5/20":1, "2/6/20":1, "2/7/20":1, "2/8/20":1, "2/9/20":1, "2/10/20":1, "2/11/20":1, "2/12/20":1, "2/13/20":1, "2/14/20":1, "2/15/20":1, "2/16/20":1, "2/17/20":1, "2/18/20":1},
  "Spain": { "Continent":"Europe", "Province/State":"", "Lat":39.3262345, "Long":-4.8380649, "1/22/20":0, "1/23/20":0, "1/24/20":0, "1/25/20":0, "1/26/20":0, "1/27/20":0, "1/28/20":0, "1/29/20":0, "1/30/20":0, "1/31/20":0, "2/1/20":1, "2/2/20":1, "2/3/20":1, "2/4/20":1, "2/5/20":1, "2/6/20":1, "2/7/20":1, "2/8/20":1, "2/9/20":2, "2/10/20":2, "2/11/20":2, "2/12/20":2, "2/13/20":2, "2/14/20":2, "2/15/20":2, "2/16/20":2, "2/17/20":2, "2/18/20":2},
  "Belgium": { "Continent":"Europe", "Province/State":"", "Lat":50.6402809, "Long":4.6667145, "1/22/20":0, "1/23/20":0, "1/24/20":0, "1/25/20":0, "1/26/20":0, "1/27/20":0, "1/28/20":0, "1/29/20":0, "1/30/20":0, "1/31/20":0, "2/1/20":0, "2/2/20":0, "2/3/20":0, "2/4/20":1, "2/5/20":1, "2/6/20":1, "2/7/20":1, "2/8/20":1, "2/9/20":1, "2/10/20":1, "2/11/20":1, "2/12/20":1, "2/13/20":1, "2/14/20":1, "2/15/20":1, "2/16/20":1, "2/17/20":1, "2/18/20":1}
}